[
  {
    "line": 2,
    "elements": [
      {
        "comments": [
          {
            "line": 252,
            "value": "#GSAM Sensitivity"
          }
        ],
        "before": [
          {
            "result": {
              "duration": 5857460305,
              "status": "passed"
            },
            "match": {
              "location": "BrowserConfig.setUpFirefox()"
            }
          }
        ],
        "line": 254,
        "name": "Change GSAM Sensitivity",
        "description": "",
        "id": "gch-healthcheck;change-gsam-sensitivity",
        "after": [
          {
            "result": {
              "duration": 74236111,
              "status": "passed"
            },
            "match": {
              "location": "BrowserConfig.setDownClass()"
            }
          }
        ],
        "type": "scenario",
        "keyword": "Scenario",
        "steps": [
          {
            "result": {
              "duration": 2979772359,
              "status": "passed"
            },
            "line": 256,
            "name": "a Username (Vzid) and Password",
            "match": {
              "location": "Steps.a_Username_Vzid_and_Password()"
            },
            "keyword": "Given "
          },
          {
            "result": {
              "duration": 60547500,
              "status": "passed"
            },
            "line": 257,
            "name": "System checks for authentication",
            "match": {
              "location": "Steps.system_checks_for_authentication()"
            },
            "keyword": "When "
          },
          {
            "result": {
              "duration": 4952891429,
              "status": "passed"
            },
            "line": 258,
            "name": "User should see GCH main Portal",
            "match": {
              "location": "Steps.user_should_see_GCH_main_Portal()"
            },
            "keyword": "Then "
          },
          {
            "result": {
              "duration": 491374184,
              "status": "passed"
            },
            "line": 259,
            "name": "User searchs for Contracted CLE",
            "match": {
              "location": "Steps.user_searchs_for_Contracted_CLE()"
            },
            "keyword": "Given "
          },
          {
            "result": {
              "duration": 5085748817,
              "status": "passed"
            },
            "line": 260,
            "name": "User selects Update Sensitivity for first result",
            "match": {
              "location": "Steps.userSelectsUpdateSensitivityforfirstresult()"
            },
            "keyword": "And "
          },
          {
            "result": {
              "duration": 2528126899,
              "status": "passed"
            },
            "line": 261,
            "name": "User changes GSAM Sensitivity to Security Sensitive",
            "match": {
              "location": "Steps.userChangesGSAMSensitivitytoSecuritySensitive()"
            },
            "keyword": "When "
          },
          {
            "result": {
              "duration": 5884643369,
              "status": "passed"
            },
            "line": 262,
            "name": "moves the first sensitive country to the selected side",
            "match": {
              "location": "Steps.movesTheFirstSsensitiveCountryToTheSelectedSide()"
            },
            "keyword": "And "
          },
          {
            "result": {
              "duration": 243710094,
              "status": "passed"
            },
            "line": 263,
            "name": "clicks Save Changes Button",
            "match": {
              "location": "Steps.clicksSaveChangesButton()"
            },
            "keyword": "And "
          },
          {
            "result": {
              "duration": 2369372434,
              "status": "passed"
            },
            "line": 264,
            "name": "User should accept the successful operation prompt",
            "match": {
              "location": "Steps.userShouldAcceptTheSuccessfulOperationPrompt()"
            },
            "keyword": "Then "
          },
          {
            "result": {
              "duration": 6146805250,
              "status": "passed"
            },
            "line": 265,
            "name": "User changes back to Non-Sensitive",
            "match": {
              "location": "Steps.changesBackToNonSensitive()"
            },
            "keyword": "And "
          }
        ],
        "tags": [
          {
            "line": 253,
            "name": "@GSAMSensitivity"
          }
        ]
      }
    ],
    "name": "GCH Healthcheck",
    "description": "",
    "id": "gch-healthcheck",
    "keyword": "Feature",
    "uri": "features/gchInstance_Healthcheck@firefox.feature",
    "tags": [
      {
        "line": 1,
        "name": "@firefox"
      },
      {
        "line": 1,
        "name": "@GCHHC"
      }
    ]
  }
]